{"type":"View","props":{"width":750,"height":1200},"compId":2,"child":[{"type":"Button","props":{"y":7,"x":370,"var":"nowBtn","skin":"comp/button.png","labelStrokeColor":"#ffffff","label":"实时查看"},"compId":3},{"type":"TextInput","props":{"y":8.5,"x":8,"width":77,"var":"input","text":"2019-07-30","skin":"comp/textinput.png","scaleY":2,"scaleX":2,"height":22},"compId":4},{"type":"Button","props":{"y":9,"x":178,"width":80,"var":"selectBtn","skin":"comp/button.png","label":"查看"},"compId":5},{"type":"TextArea","props":{"y":507,"x":-932,"wordWrap":true,"width":750,"var":"text","text":"当前在线人数","multiline":true,"height":980,"fontSize":28,"color":"#ffffff"},"compId":6},{"type":"TextArea","props":{"y":846,"x":-944,"wordWrap":true,"width":750,"var":"txt2","mouseEnabled":true,"height":343,"fontSize":30,"editable":true,"color":"#ffffff"},"compId":7},{"type":"Button","props":{"y":8.5,"x":264,"width":100,"var":"adBtn","skin":"comp/button.png","labelStrokeColor":"#ffffff","label":"显示广告排行榜"},"compId":11},{"type":"ComboBox","props":{"y":7,"x":509,"width":232,"var":"cb1","skin":"comp/combobox.png","selectedIndex":0,"labels":"荒野女枪","labelSize":26,"height":50},"compId":12},{"type":"Box","props":{"y":78,"x":0,"width":750,"var":"box","height":1000},"compId":14}],"loadList":["comp/button.png","comp/textinput.png","comp/combobox.png"],"loadList3D":[]}